{
  "version": "20260107",
  "generatedAt": "2026-01-07T09:07:26.555Z",
  "aggregates": {
    "Gevoelstemperatuur": {
      "AHN2": {
        "31 - 34°C": 7.079539850867753,
        "35 - 40°C": 6.870250384894311,
        "41 - 45°C": 30.934818547330938,
        "46 - 50°C": 36.11722669636318,
        "51°C": 0.008210134727741186
      },
      "AHN4": {
        "31 - 34°C": 7.1183272694970965,
        "35 - 40°C": 7.17874029453137,
        "41 - 45°C": 28.930820975730676,
        "46 - 50°C": 37.57334350573612,
        "51°C": 0.046663375763428036
      }
    },
    "Waterdiepte bij hevige bui": {
      "5 - 10cm": null,
      "10 - 15cm": null,
      "15 - 20cm": null,
      "20 - 30cm": null,
      ">30cm": null
    },
    "Lage grondwaterstand": 1.744941962,
    "Lage grondwaterstand | 2050 hoog": -0.035739432,
    "Extreem lage grondwaterstand ": 1.8777691275000001,
    "Hoge grondwaterstand ": 1.098987579,
    "Extreem hoge grondwaterstand ": 0.733189174,
    "Schaduw wandel- en fietspaden": 40.833796245,
    "Maximale overstromingsdiepte": {
      "tot 20cm": 6.846912936532617,
      "20-50cm": 9.244197064290205,
      "50-200cm": 38.57698761290407,
      ">200cm": 41.28018137787938
    },
    "Droge verdiepingen": 94,
    "Boomkroonoppervlakte": {
      "hele_buurt": 11.12972323,
      "bebouwde_kom": 12.321464259999999
    },
    "Boomkroonoppervlakte openbaar": {
      "hele_buurt": 22.406581674999998,
      "bebouwde_kom": 19.77986676
    },
    "Boomkroonoppervlakte niet-openbaar ": {
      "hele_buurt": 6.555428398,
      "bebouwde_kom": 9.3245958025
    },
    "Groen": {
      "hele_buurt": 22.43230312,
      "bebouwde_kom": 24.949485985000003
    },
    "Groen openbaar": {
      "hele_buurt": 51.44659106,
      "bebouwde_kom": 46.293653045
    },
    "Groen niet-openbaar": {
      "hele_buurt": 13.26696927,
      "bebouwde_kom": 16.307956179999998
    },
    "Verharding ": {
      "hele_buurt": 31.37530482,
      "bebouwde_kom": 38.625994665
    },
    "Verharding openbaar": {
      "hele_buurt": 40.519949315,
      "bebouwde_kom": 48.837738290000004
    },
    "Verharding niet-openbaar": {
      "hele_buurt": 34.76862001,
      "bebouwde_kom": 47.71452102
    },
    "Water": {
      "hele_buurt": 3.7402805795000003,
      "bebouwde_kom": 1.892744375
    },
    "Landbedekking ": {
      "hele_buurt": {
        "Gebouwen": 13.943662170889672,
        "Verhard": 27.97771498465827,
        "Halfverhard": 0.7887654330560419,
        "Onverhard": 44.69243354048655,
        "Gras": 9.36568814594543,
        "Struiken": 3.231735724572109
      },
      "bebouwde_kom": {
        "Gebouwen": 17.213710735584193,
        "Verhard": 36.18313073520204,
        "Halfverhard": 0.9255712864686612,
        "Onverhard": 30.85050822563477,
        "Gras": 10.840859212151459,
        "Struiken": 3.789827598631077
      }
    },
    "Openbaar en niet-openbaar": {
      "Gebouwen": 13.88668405919523,
      "Openbaar": 37.02613188543284,
      "Niet openbaar": 49.07955715215757
    },
    "Groen per inwoner": 124.2244537,
    "Bevolkingsdichtheid": 1662.5,
    "Gemiddelde WOZ-waarde": 337,
    "Sociaal minimum huishoudens": 4,
    "Hitte en broze 65-plussers": 24.3,
    "Ernstige eenzaamheid": 8.7,
    "Moeite met rondkomen": 9.7,
    "Ernstig overgewicht": 14.4,
    "Percentage huurwoningen": 26
  }
}