{
  "version": "20260210",
  "generatedAt": "2026-02-10T16:04:52.077Z",
  "aggregates": {
    "Schaduw fiets- en wandelpaden: groen en grijs": {
      "hele_buurt": {
        "Grijze schaduw": -1218.4014161038233,
        "Groene schaduw": -1202.585602295532
      },
      "bebouwde_kom": {
        "Grijze schaduw": -886.4872047383109,
        "Groene schaduw": -872.2951276018108
      }
    },
    "Gevoelstemperatuur": {
      "AHN2": {
        "31 - 34°C": 7.079539850867753,
        "35 - 40°C": 6.870250384894311,
        "41 - 45°C": 30.934818547330938,
        "46 - 50°C": 36.11722669636318,
        "51°C": 0.008210134727741186
      },
      "AHN4": {
        "31 - 34°C": 7.1183272694970965,
        "35 - 40°C": 7.17874029453137,
        "41 - 45°C": 28.930820975730676,
        "46 - 50°C": 37.57334350573612,
        "51°C": 0.046663375763428036
      }
    },
    "Schaduw fiets- en wandelpaden": {
      "hele_buurt": 32.99496488,
      "bebouwde_kom": 33.60260617
    },
    "Waterdiepte bij hevige bui": {
      "5 - 10cm": 7.8490293624262355,
      "10 - 15cm": 4.460297987943613,
      "15 - 20cm": 2.3932343869617054,
      "20 - 30cm": 1.7597871884602663,
      ">30cm": 0.9355107195030854
    },
    "Lage grondwaterstand": 1.744941962,
    "Lage grondwaterstand | 2050 hoog": -0.035739432,
    "Extreem lage grondwaterstand ": 1.8777691275000001,
    "Hoge grondwaterstand ": 1.098987579,
    "Extreem hoge grondwaterstand ": 0.733189174,
    "Maximale overstromingsdiepte": {
      "tot 20cm": 6.846912936532617,
      "20-50cm": 9.244197064290205,
      "50-200cm": 38.57698761290407,
      ">200cm": 41.28018137787938
    },
    "Droge verdiepingen": 94,
    "Boomkroonoppervlakte": {
      "hele_buurt": 10.100646130000001,
      "bebouwde_kom": 10.890490345
    },
    "Boomkroonoppervlakte openbaar": {
      "hele_buurt": 19.93800308,
      "bebouwde_kom": 17.057854965
    },
    "Boomkroonoppervlakte niet-openbaar ": {
      "hele_buurt": 6.271943993500001,
      "bebouwde_kom": 8.774644186
    },
    "Groen": 22.43230312,
    "Groen openbaar": 51.44659106,
    "Groen niet-openbaar": 13.26696927,
    "Verharding ": 31.37530482,
    "Verharding openbaar": 40.519949315,
    "Verharding niet-openbaar": 34.76862001,
    "Water": 3.7402805795000003,
    "Landbedekking ": {
      "Gebouwen": 13.943662170889672,
      "Verhard": 27.97771498465827,
      "Halfverhard": 0.7887654330560419,
      "Onverhard": 44.69243354048655,
      "Gras": 9.36568814594543,
      "Struiken": 3.231735724572109
    },
    "Openbaar en niet-openbaar": {
      "Gebouwen": 13.88668405919523,
      "Openbaar": 37.02613188543284,
      "Niet openbaar": 49.07955715215757
    },
    "Groen per inwoner": 124.2244537,
    "Bevolkingsdichtheid": 1662.5,
    "Gemiddelde WOZ-waarde": 337,
    "Sociaal minimum huishoudens": 4,
    "Hitte en broze 65-plussers": 24.3,
    "Moeite met rondkomen": 9.7,
    "Ernstig overgewicht": 14.4,
    "Percentage huurwoningen": 26,
    "Schaduw totaal": {
      "hele_buurt": 29.472744165,
      "bebouwde_kom": 32.461944564999996
    },
    "Schaduw groen en grijs": {
      "hele_buurt": {
        "Grijze schaduw": 9.136572638908522,
        "Groene schaduw": 19.914964950314985
      },
      "bebouwde_kom": {
        "Grijze schaduw": -520.9767687502629,
        "Groene schaduw": -510.4980051851207
      }
    },
    "Schaduw openbaar gebied": {
      "hele_buurt": 37.375338035,
      "bebouwde_kom": 34.65770335
    },
    "Schaduw niet-openbaar gebied": {
      "hele_buurt": 27.485196555,
      "bebouwde_kom": 34.961613889999995
    },
    "10% en 30% regel": {
      "hele_buurt": {
        "Voldoet aan 10%": 47.047991792470846,
        "Voldoet aan 30%": 5.729709374647517
      },
      "bebouwde_kom": {
        "Voldoet aan 10%": 45.5482123299982,
        "Voldoet aan 30%": -527.1979331126946
      }
    },
    "Percentage boomkroon per pand": {
      "hele_buurt": 10.775756625,
      "bebouwde_kom": 10.247070820000001
    }
  }
}