{
  "version": "20251023",
  "generatedAt": "2025-10-23T08:52:02.133Z",
  "aggregates": {
    "Waterdiepte bij hevige bui": {
      "5 - 10cm": 8.839722205293619,
      "10 - 15cm": 3.998623563281402,
      "15 - 20cm": 1.791510025223992,
      "20 - 30cm": 1.2861243947331604,
      ">30cm": 0.8071244834999525
    },
    "Gevoelstemperatuur": {
      "AHN2": {
        "31 - 34°C": 10.529992546981818,
        "35 - 40°C": 3.355829762698511,
        "41 - 45°C": 58.71425932164031,
        "46 - 50°C": 17.138332807627044,
        "51°C": 0.002408940403647013
      },
      "AHN4": {
        "31 - 34°C": 10.667998715538065,
        "35 - 40°C": 3.5432485521025057,
        "41 - 45°C": 56.76771371858397,
        "46 - 50°C": 18.743097038868846,
        "51°C": 0.015121321480738033
      }
    },
    "Lage grondwaterstand": 1.8060023570000001,
    "Lage grondwaterstand | 2050 hoog": -0.05982564,
    "Extreem lage grondwaterstand ": 2.051936808,
    "Hoge grondwaterstand ": 1.098987579,
    "Extreem hoge grondwaterstand ": 0.733189174,
    "Schaduw wandel- en fietspaden": 40.833796245,
    "Maximale overstromingsdiepte": {
      "tot 20cm": 3.517046702299716,
      "20-50cm": 5.858425349001046,
      "50-200cm": 32.615173327597,
      ">200cm": 38.51129794457468
    },
    "Droge verdiepingen": 94,
    "Boomkroonoppervlakte": {
      "hele_buurt": 14.409085275884358,
      "bebouwde_kom": 15.024625759506899
    },
    "Boomkroonoppervlakte openbaar": {
      "hele_buurt": 42.708517261458034,
      "bebouwde_kom": 24.23629503663057
    },
    "Boomkroonoppervlakte niet-openbaar ": {
      "hele_buurt": 3.4676411111130707,
      "bebouwde_kom": 11.212469209152442
    },
    "Groen": {
      "hele_buurt": 23.135742961258103,
      "bebouwde_kom": 26.99211700122158
    },
    "Groen openbaar": {
      "hele_buurt": 65.70560314225796,
      "bebouwde_kom": 47.14069053335278
    },
    "Groen niet-openbaar": {
      "hele_buurt": 7.62350080846302,
      "bebouwde_kom": 18.674061884382805
    },
    "Verharding ": {
      "hele_buurt": 8.860344522580247,
      "bebouwde_kom": 37.39487723499386
    },
    "Verharding openbaar": {
      "hele_buurt": 16.54046527619733,
      "bebouwde_kom": 46.559480836477476
    },
    "Verharding niet-openbaar": {
      "hele_buurt": 6.347432100632317,
      "bebouwde_kom": 44.8064169934297
    },
    "Water": {
      "hele_buurt": 8.86107831929681,
      "bebouwde_kom": 10.25338555724393
    },
    "Landbedekking ": {
      "hele_buurt": {
        "Gebouwen": 4.193510735717432,
        "Verhard": 8.862970699981746,
        "Halfverhard": 0.36329446428603496,
        "Onverhard": 76.35240445750559,
        "Gras": 8.536698588694028,
        "Struiken": 1.6911210533129875
      },
      "bebouwde_kom": {
        "Gebouwen": 19.262258933652593,
        "Verhard": 37.40794052082009,
        "Halfverhard": 0.8718627150121528,
        "Onverhard": 36.51018106705034,
        "Gras": 9.745974893162474,
        "Struiken": 3.9317089762446926
      }
    },
    "Openbaar en niet-openbaar": {
      "Gebouwen": 4.193510735717432,
      "Openbaar": 27.256044281133928,
      "Niet openbaar": 68.56423059508823
    },
    "Groen per inwoner": 141.6636719,
    "Bevolkingsdichtheid": 1662.5,
    "Gemiddelde WOZ-waarde": 337,
    "Sociaal minimum huishoudens": 4,
    "Hitte en broze 65-plussers": 24.3,
    "Ernstige eenzaamheid": 8.7,
    "Moeite met rondkomen": 9.7,
    "Ernstig overgewicht": 13.9,
    "Percentage huurwoningen": 26
  }
}