{
  "version": "20251105",
  "generatedAt": "2025-11-20T10:01:39.926Z",
  "aggregates": {
    "Waterdiepte bij hevige bui": {
      "5 - 10cm": 7.8490293624262355,
      "10 - 15cm": 4.460297987943613,
      "15 - 20cm": 2.3932343869617054,
      "20 - 30cm": 1.7597871884602663,
      ">30cm": 0.9355107195030854
    },
    "Gevoelstemperatuur": {
      "AHN2": {
        "31 - 34°C": 7.079539850867753,
        "35 - 40°C": 6.870250384894311,
        "41 - 45°C": 30.934818547330938,
        "46 - 50°C": 36.11722669636318,
        "51°C": 0.008210134727741186
      },
      "AHN4": {
        "31 - 34°C": 7.1183272694970965,
        "35 - 40°C": 7.17874029453137,
        "41 - 45°C": 28.930820975730676,
        "46 - 50°C": 37.57334350573612,
        "51°C": 0.046663375763428036
      }
    },
    "Lage grondwaterstand": 1.744941962,
    "Lage grondwaterstand | 2050 hoog": -0.035739432,
    "Extreem lage grondwaterstand ": 1.8777691275000001,
    "Hoge grondwaterstand ": 1.098987579,
    "Extreem hoge grondwaterstand ": 0.733189174,
    "Schaduw wandel- en fietspaden": 40.833796245,
    "Maximale overstromingsdiepte": {
      "tot 20cm": 6.846912936532617,
      "20-50cm": 9.244197064290205,
      "50-200cm": 38.57698761290407,
      ">200cm": 41.28018137787938
    },
    "Droge verdiepingen": 94,
    "Boomkroonoppervlakte": {
      "hele_buurt": 11.12972323,
      "bebouwde_kom": 10.92537729
    },
    "Boomkroonoppervlakte openbaar": {
      "hele_buurt": 22.406581674999998,
      "bebouwde_kom": 17.57359083
    },
    "Boomkroonoppervlakte niet-openbaar ": {
      "hele_buurt": 6.555428398,
      "bebouwde_kom": 8.022125855
    },
    "Groen": {
      "hele_buurt": 22.43230312,
      "bebouwde_kom": 22.6913605
    },
    "Groen openbaar": {
      "hele_buurt": 51.44659106,
      "bebouwde_kom": 42.07092978
    },
    "Groen niet-openbaar": {
      "hele_buurt": 13.26696927,
      "bebouwde_kom": 14.79776803
    },
    "Verharding ": {
      "hele_buurt": 31.37530482,
      "bebouwde_kom": 36.36185846
    },
    "Verharding openbaar": {
      "hele_buurt": 40.519949315,
      "bebouwde_kom": 45.57777742
    },
    "Verharding niet-openbaar": {
      "hele_buurt": 34.76862001,
      "bebouwde_kom": 43.33111369
    },
    "Water": {
      "hele_buurt": 3.7402805795000003,
      "bebouwde_kom": 1.8910071144999998
    },
    "Landbedekking ": {
      "hele_buurt": {
        "Gebouwen": 13.943662170889672,
        "Verhard": 27.97771498465827,
        "Halfverhard": 0.7887654330560419,
        "Onverhard": 44.69243354048655,
        "Gras": 9.36568814594543,
        "Struiken": 3.231735724572109
      },
      "bebouwde_kom": {
        "Gebouwen": 16.9168097536458,
        "Verhard": 35.536629554803014,
        "Halfverhard": 0.9065869793506164,
        "Onverhard": 30.288668814490485,
        "Gras": 10.639191566140385,
        "Struiken": 3.7192152926889688
      }
    },
    "Openbaar en niet-openbaar": {
      "Gebouwen": 13.88668405919523,
      "Openbaar": 37.02613188543284,
      "Niet openbaar": 49.07955715215757
    },
    "Groen per inwoner": 124.2244537,
    "Bevolkingsdichtheid": 1662.5,
    "Gemiddelde WOZ-waarde": 337,
    "Sociaal minimum huishoudens": 4,
    "Hitte en broze 65-plussers": 24.3,
    "Ernstige eenzaamheid": 8.7,
    "Moeite met rondkomen": 9.7,
    "Ernstig overgewicht": 14.4,
    "Percentage huurwoningen": 26
  }
}