{
  "version": "20260210",
  "generatedAt": "2026-02-24T13:40:32.396Z",
  "aggregates": {
    "Schaduw fiets- en wandelpaden: groen en grijs": {
      "hele_buurt": {
        "AHN3": {
          "Grijze schaduw": -1218.4014161038233,
          "Groene schaduw": -1202.585602295532
        },
        "AHN4": {
          "Grijze schaduw": -1218.0002497288676,
          "Groene schaduw": -1202.3014781811928
        },
        "AHN5": {
          "Grijze schaduw": -3384.642648919174,
          "Groene schaduw": -3374.4643573417425
        }
      },
      "bebouwde_kom": {
        "AHN3": {
          "Grijze schaduw": -886.4872047383109,
          "Groene schaduw": -872.2951276018108
        },
        "AHN4": {
          "Grijze schaduw": -886.0017006493293,
          "Groene schaduw": -871.8732499869687
        },
        "AHN5": {
          "Grijze schaduw": -3036.3311835246436,
          "Groene schaduw": -3026.8837358117444
        }
      }
    },
    "Gevoelstemperatuur": {
      "AHN2": {
        "31 - 34°C": 7.079539850867753,
        "35 - 40°C": 6.870250384894311,
        "41 - 45°C": 30.934818547330938,
        "46 - 50°C": 36.11722669636318,
        "51°C": 0.008210134727741186
      },
      "AHN4": {
        "31 - 34°C": 7.1183272694970965,
        "35 - 40°C": 7.17874029453137,
        "41 - 45°C": 28.930820975730676,
        "46 - 50°C": 37.57334350573612,
        "51°C": 0.046663375763428036
      }
    },
    "Schaduw fiets- en wandelpaden": {
      "hele_buurt": {
        "AHN3": 32.99496488,
        "AHN4": 33.949804725,
        "AHN5": 25.635366265000002,
        "diff_AHN3_AHN4": 0.5939751039999988,
        "diff_AHN3_AHN5": 0,
        "diff_AHN4_AHN5": -0.21710968499999694
      },
      "bebouwde_kom": {
        "AHN3": 33.60260617,
        "AHN4": 34.51703297,
        "AHN5": 28.05416519,
        "diff_AHN3_AHN4": 0.7758898649999999,
        "diff_AHN3_AHN5": 0,
        "diff_AHN4_AHN5": -0.10918221499999703
      }
    },
    "Waterdiepte bij hevige bui": {
      "5 - 10cm": 7.8490293624262355,
      "10 - 15cm": 4.460297987943613,
      "15 - 20cm": 2.3932343869617054,
      "20 - 30cm": 1.7597871884602663,
      ">30cm": 0.9355107195030854
    },
    "Lage grondwaterstand": 1.744941962,
    "Lage grondwaterstand | 2050 hoog": -0.035739432,
    "Extreem lage grondwaterstand ": 1.8777691275000001,
    "Hoge grondwaterstand ": 1.098987579,
    "Extreem hoge grondwaterstand ": 0.733189174,
    "Maximale overstromingsdiepte": {
      "tot 20cm": 6.846912936532617,
      "20-50cm": 9.244197064290205,
      "50-200cm": 38.57698761290407,
      ">200cm": 41.28018137787938
    },
    "Droge verdiepingen": 94,
    "Boomkroonoppervlakte": {
      "hele_buurt": {
        "AHN3": 10.100646130000001,
        "AHN4": 10.696119015,
        "AHN5": 7.847450240500001,
        "diff_AHN3_AHN4": 0.5520336330000002,
        "diff_AHN3_AHN5": 0.30988957000000106,
        "diff_AHN4_AHN5": 0.0010687744999998694
      },
      "bebouwde_kom": {
        "AHN3": 10.890490345,
        "AHN4": 11.497770495000001,
        "AHN5": 8.742952748499999,
        "diff_AHN3_AHN4": 0.5522229034999999,
        "diff_AHN3_AHN5": 0.2540006515000002,
        "diff_AHN4_AHN5": 0
      }
    },
    "Boomkroonoppervlakte openbaar": {
      "hele_buurt": {
        "AHN3": 19.93800308,
        "AHN4": 21.352272255000003,
        "AHN5": 15.60015052,
        "diff_AHN3_AHN4": 1.4120211000000014,
        "diff_AHN3_AHN5": 1.2098980800000003,
        "diff_AHN4_AHN5": 0.31448055599999947
      },
      "bebouwde_kom": {
        "AHN3": 17.057854965,
        "AHN4": 18.341028010000002,
        "AHN5": 13.74173617,
        "diff_AHN3_AHN4": 1.0759027624999997,
        "diff_AHN3_AHN5": 0.8312016050000004,
        "diff_AHN4_AHN5": 0.16983099499999987
      }
    },
    "Boomkroonoppervlakte niet-openbaar ": {
      "hele_buurt": {
        "AHN3": 6.271943993500001,
        "AHN4": 6.5202728914999994,
        "AHN5": 4.338274467,
        "diff_AHN3_AHN4": 0.2152619819999999,
        "diff_AHN3_AHN5": -0.052407959999999976,
        "diff_AHN4_AHN5": -0.23454347099999984
      },
      "bebouwde_kom": {
        "AHN3": 8.774644186,
        "AHN4": 9.018255204999999,
        "AHN5": 6.1141568455,
        "diff_AHN3_AHN4": 0.23190970700000105,
        "diff_AHN3_AHN5": -0.030241860499999884,
        "diff_AHN4_AHN5": -0.25913961649999995
      }
    },
    "Groen": 22.43230312,
    "Groen openbaar": 51.44659106,
    "Groen niet-openbaar": 13.26696927,
    "Verharding ": 31.37530482,
    "Verharding openbaar": 40.519949315,
    "Verharding niet-openbaar": 34.76862001,
    "Water": 3.7402805795000003,
    "Landbedekking ": {
      "Gebouwen": 13.943662170889672,
      "Verhard": 27.97771498465827,
      "Halfverhard": 0.7887654330560419,
      "Onverhard": 44.69243354048655,
      "Gras": 9.36568814594543,
      "Struiken": 3.231735724572109
    },
    "Openbaar en niet-openbaar": {
      "Gebouwen": 13.88668405919523,
      "Openbaar": 37.02613188543284,
      "Niet openbaar": 49.07955715215757
    },
    "Groen per inwoner": 124.2244537,
    "Bevolkingsdichtheid": 1662.5,
    "Gemiddelde WOZ-waarde": 337,
    "Sociaal minimum huishoudens": 4,
    "Hitte en broze 65-plussers": 24.3,
    "Moeite met rondkomen": 9.7,
    "Ernstig overgewicht": 14.4,
    "Percentage huurwoningen": 26,
    "Schaduw totaal": {
      "hele_buurt": {
        "AHN3": 29.472744165,
        "AHN4": 29.94947993,
        "AHN5": 23.668596870000002,
        "diff_AHN3_AHN4": 0.29943222450000184,
        "diff_AHN3_AHN5": -0.5355499649999995,
        "diff_AHN4_AHN5": -0.5063694500000011
      },
      "bebouwde_kom": {
        "AHN3": 32.461944564999996,
        "AHN4": 32.732325335,
        "AHN5": 27.93442651,
        "diff_AHN3_AHN4": 0.3529072599999985,
        "diff_AHN3_AHN5": -0.41457848499999805,
        "diff_AHN4_AHN5": -0.4853144250000021
      }
    },
    "Schaduw groen en grijs": {
      "hele_buurt": {
        "AHN3": {
          "Grijze schaduw": 9.136572638908522,
          "Groene schaduw": 19.914964950314985
        },
        "AHN4": {
          "Grijze schaduw": 9.208772231047949,
          "Groene schaduw": 20.11396701199951
        },
        "AHN5": {
          "Grijze schaduw": -2489.6539782531263,
          "Groene schaduw": -2482.2384767070257
        }
      },
      "bebouwde_kom": {
        "AHN3": {
          "Grijze schaduw": -520.9767687502629,
          "Groene schaduw": -510.4980051851207
        },
        "AHN4": {
          "Grijze schaduw": -520.909761621383,
          "Groene schaduw": -510.2253670432846
        },
        "AHN5": {
          "Grijze schaduw": -2786.3378377699723,
          "Groene schaduw": -2779.1907170927752
        }
      }
    },
    "Schaduw openbaar gebied": {
      "hele_buurt": {
        "AHN3": 37.375338035,
        "AHN4": 38.418427449999996,
        "AHN5": 30.04663813,
        "diff_AHN3_AHN4": 0.901842000000002,
        "diff_AHN3_AHN5": -0.46297025000000147,
        "diff_AHN4_AHN5": -0.6213074400000025
      },
      "bebouwde_kom": {
        "AHN3": 34.65770335,
        "AHN4": 35.661141955,
        "AHN5": 28.59251926,
        "diff_AHN3_AHN4": 0.9830787499999971,
        "diff_AHN3_AHN5": 0,
        "diff_AHN4_AHN5": -0.22316563000000222
      }
    },
    "Schaduw niet-openbaar gebied": {
      "hele_buurt": {
        "AHN3": 27.485196555,
        "AHN5": 19.51946848,
        "diff_AHN3_AHN5": -0.6398337459999996
      },
      "bebouwde_kom": {
        "AHN3": 34.961613889999995,
        "AHN4": 35.253215845,
        "AHN5": 29.874517009999998,
        "diff_AHN3_AHN4": 0.37510350999999886,
        "diff_AHN3_AHN5": -0.8162554949999983,
        "diff_AHN4_AHN5": -0.9926917089999998
      }
    },
    "10% en 30% regel": {
      "hele_buurt": {
        "AHN3": {
          "Voldoet aan 10%": 47.047991792470846,
          "Voldoet aan 30%": 5.729709374647517
        },
        "AHN4": {
          "Voldoet aan 10%": 50.10612202339065,